{"molfile": "2_0.mol", "standard": 27.706417076143083, "total": 38.65754022701112}