{"molfile": "2_1.mol", "standard": 47.685373464620056, "total": 4.886178035921027}