{"molfile": "3_2.mol", "standard": 64.47522984745618, "total": 6.931141509957374}