{"molfile": "5_6.mol", "standard": 99.24817406270442, "total": 1.2726467820530605}