{"molfile": "5_7.mol", "standard": 99.2396761086023, "total": 3.168434698979377}