{"molfile": "7_10.mol", "standard": 138.27157317578082, "total": 2.0372742990021186}