{"molfile": "7_11.mol", "standard": 120.7163308026011, "total": 2.688578608731887}