{"molfile": "3_3.mol", "standard": 65.34446194838613, "total": 6.044098808803947}