{"molfile": "4_5.mol", "standard": 63.32534073230534, "total": 1.8774265837121737}