{"molfile": "6_9.mol", "standard": 116.614223338081, "total": 1.1588962259638358}