{"standard_energy": 7.668625034772399, "total": 13.263723987526067}
