{"molfile": "4_4.mol", "standard": 81.29877056425558, "total": 1.8637350314616872}