{"molfile": "8_12.mol", "standard": 170.07195446208482, "total": 2.603321886996104}