{"molfile": "8_13.mol", "standard": 149.61019599342467, "total": 1.0107569280779534}