{"molfile": "9_14.mol", "standard": 202.23863276677662, "total": 1.0001384116641814}