{"standard": 7.668625034772399, "total": 13.263723987526067, "mol": "CC(CCC)CCCC(CCCC)CC"}
