{"molfile": "6_8.mol", "standard": 94.08440532941769, "total": 2.1408816695927193}